{
   "products": [
      {
         "id": 1,
         "name": "Samsung Galaxy S22",
         "price": 900,
         "description": "L'ultimo modello della famiglia Galaxy"
      },
      {
         "id": 2,
         "name": "Apple IPhone XII",
         "price": 1300,
         "description": "L'ultimo modello della famiglia Apple"
      },
      {
         "id": 3,
         "name": "OnePlus 10 Pro",
         "price": 990,
         "description": "Il flagship di OnePlus"
      },
      {
         "id": 4,
         "name": "Nokia 3310",
         "price": 10,
         "description": "Cellulare tuttofare"
      }
   ]
}
